{
  "version": 1,
  "author": "Thomas",
  "editor": "wokwi",
  "parts": [
    {
      "type": "board-esp32-devkit-c-v4",
      "id": "esp",
      "top": 19.2,
      "left": 14.44,
      "attrs": { "env": "micropython-20231227-v1.22.0" }
    },
    {
      "type": "wokwi-hc-sr04",
      "id": "ultrasonic1",
      "top": -94.5,
      "left": 139.9,
      "attrs": { "distance": "352" }
    },
    {
      "type": "wokwi-hc-sr04",
      "id": "ultrasonic2",
      "top": 1.5,
      "left": -167.3,
      "attrs": { "distance": "334" }
    },
    { "type": "wokwi-led", "id": "led1", "top": 102, "left": -284.2, "attrs": { "color": "red" } },
    {
      "type": "wokwi-led",
      "id": "led2",
      "top": 25.2,
      "left": -255.4,
      "attrs": { "color": "red" }
    }
  ],
  "connections": [
    [ "esp:TX", "$serialMonitor:RX", "", [] ],
    [ "esp:RX", "$serialMonitor:TX", "", [] ],
    [ "ultrasonic2:TRIG", "esp:14", "green", [ "v0" ] ],
    [ "ultrasonic2:ECHO", "esp:12", "green", [ "v0" ] ],
    [ "ultrasonic1:TRIG", "esp:21", "green", [ "v0" ] ],
    [ "ultrasonic1:ECHO", "esp:19", "green", [ "v0" ] ],
    [ "led1:A", "esp:13", "green", [ "v0" ] ],
    [ "led2:A", "esp:13", "green", [ "v0" ] ],
    [ "ultrasonic2:GND", "esp:GND.2", "black", [ "v0" ] ],
    [ "led2:C", "esp:GND.2", "green", [ "v0" ] ],
    [ "led1:C", "esp:GND.2", "green", [ "v0" ] ],
    [ "ultrasonic1:GND", "esp:GND.2", "black", [ "v0" ] ],
    [ "ultrasonic1:VCC", "esp:5V", "red", [ "v0" ] ],
    [ "ultrasonic2:VCC", "esp:5V", "red", [ "v0" ] ]
  ],
  "dependencies": {}
}